Name,ID,Has Block,Mod,Class
minecraft:stone,1,true,minecraft,net.minecraft.item.ItemBlock
minecraft:grass,2,true,minecraft,net.minecraft.item.ItemBlock
minecraft:dirt,3,true,minecraft,net.minecraft.item.ItemMultiTexture
minecraft:cobblestone,4,true,minecraft,net.minecraft.item.ItemBlock
minecraft:planks,5,true,minecraft,net.minecraft.item.ItemMultiTexture
minecraft:sapling,6,true,minecraft,net.minecraft.item.ItemMultiTexture
minecraft:bedrock,7,true,minecraft,net.minecraft.item.ItemBlock
minecraft:flowing_water,8,true,minecraft,net.minecraft.item.ItemBlock
minecraft:water,9,true,minecraft,net.minecraft.item.ItemBlock
minecraft:flowing_lava,10,true,minecraft,net.minecraft.item.ItemBlock
minecraft:lava,11,true,minecraft,net.minecraft.item.ItemBlock
minecraft:sand,12,true,minecraft,net.minecraft.item.ItemMultiTexture
minecraft:gravel,13,true,minecraft,net.minecraft.item.ItemBlock
minecraft:gold_ore,14,true,minecraft,net.minecraft.item.ItemBlock
minecraft:iron_ore,15,true,minecraft,net.minecraft.item.ItemBlock
minecraft:coal_ore,16,true,minecraft,net.minecraft.item.ItemBlock
minecraft:log,17,true,minecraft,net.minecraft.item.ItemMultiTexture
minecraft:leaves,18,true,minecraft,net.minecraft.item.ItemLeaves
minecraft:sponge,19,true,minecraft,net.minecraft.item.ItemBlock
minecraft:glass,20,true,minecraft,net.minecraft.item.ItemBlock
minecraft:lapis_ore,21,true,minecraft,net.minecraft.item.ItemBlock
minecraft:lapis_block,22,true,minecraft,net.minecraft.item.ItemBlock
minecraft:dispenser,23,true,minecraft,net.minecraft.item.ItemBlock
minecraft:sandstone,24,true,minecraft,net.minecraft.item.ItemMultiTexture
minecraft:noteblock,25,true,minecraft,net.minecraft.item.ItemBlock
minecraft:golden_rail,27,true,minecraft,net.minecraft.item.ItemBlock
minecraft:detector_rail,28,true,minecraft,net.minecraft.item.ItemBlock
minecraft:sticky_piston,29,true,minecraft,net.minecraft.item.ItemPiston
minecraft:web,30,true,minecraft,net.minecraft.item.ItemBlock
minecraft:tallgrass,31,true,minecraft,net.minecraft.item.ItemColored
minecraft:deadbush,32,true,minecraft,net.minecraft.item.ItemBlock
minecraft:piston,33,true,minecraft,net.minecraft.item.ItemPiston
minecraft:wool,35,true,minecraft,net.minecraft.item.ItemCloth
minecraft:yellow_flower,37,true,minecraft,net.minecraft.item.ItemMultiTexture
minecraft:red_flower,38,true,minecraft,net.minecraft.item.ItemMultiTexture
minecraft:brown_mushroom,39,true,minecraft,net.minecraft.item.ItemBlock
minecraft:red_mushroom,40,true,minecraft,net.minecraft.item.ItemBlock
minecraft:gold_block,41,true,minecraft,net.minecraft.item.ItemBlock
minecraft:iron_block,42,true,minecraft,net.minecraft.item.ItemBlock
minecraft:double_stone_slab,43,true,minecraft,net.minecraft.item.ItemSlab
minecraft:stone_slab,44,true,minecraft,net.minecraft.item.ItemSlab
minecraft:brick_block,45,true,minecraft,net.minecraft.item.ItemBlock
minecraft:tnt,46,true,minecraft,net.minecraft.item.ItemBlock
minecraft:bookshelf,47,true,minecraft,net.minecraft.item.ItemBlock
minecraft:mossy_cobblestone,48,true,minecraft,net.minecraft.item.ItemBlock
minecraft:obsidian,49,true,minecraft,net.minecraft.item.ItemBlock
minecraft:torch,50,true,minecraft,net.minecraft.item.ItemBlock
minecraft:fire,51,true,minecraft,net.minecraft.item.ItemBlock
minecraft:mob_spawner,52,true,minecraft,codechicken.nei.ItemMobSpawner
minecraft:oak_stairs,53,true,minecraft,net.minecraft.item.ItemBlock
minecraft:chest,54,true,minecraft,net.minecraft.item.ItemBlock
minecraft:diamond_ore,56,true,minecraft,net.minecraft.item.ItemBlock
minecraft:diamond_block,57,true,minecraft,net.minecraft.item.ItemBlock
minecraft:crafting_table,58,true,minecraft,net.minecraft.item.ItemBlock
minecraft:farmland,60,true,minecraft,net.minecraft.item.ItemBlock
minecraft:furnace,61,true,minecraft,net.minecraft.item.ItemBlock
minecraft:lit_furnace,62,true,minecraft,net.minecraft.item.ItemBlock
minecraft:ladder,65,true,minecraft,net.minecraft.item.ItemBlock
minecraft:rail,66,true,minecraft,net.minecraft.item.ItemBlock
minecraft:stone_stairs,67,true,minecraft,net.minecraft.item.ItemBlock
minecraft:lever,69,true,minecraft,net.minecraft.item.ItemBlock
minecraft:stone_pressure_plate,70,true,minecraft,net.minecraft.item.ItemBlock
minecraft:wooden_pressure_plate,72,true,minecraft,net.minecraft.item.ItemBlock
minecraft:redstone_ore,73,true,minecraft,net.minecraft.item.ItemBlock
minecraft:redstone_torch,76,true,minecraft,net.minecraft.item.ItemBlock
minecraft:stone_button,77,true,minecraft,net.minecraft.item.ItemBlock
minecraft:snow_layer,78,true,minecraft,net.minecraft.item.ItemSnow
minecraft:ice,79,true,minecraft,net.minecraft.item.ItemBlock
minecraft:snow,80,true,minecraft,net.minecraft.item.ItemBlock
minecraft:cactus,81,true,minecraft,net.minecraft.item.ItemBlock
minecraft:clay,82,true,minecraft,net.minecraft.item.ItemBlock
minecraft:jukebox,84,true,minecraft,net.minecraft.item.ItemBlock
minecraft:fence,85,true,minecraft,net.minecraft.item.ItemBlock
minecraft:pumpkin,86,true,minecraft,net.minecraft.item.ItemBlock
minecraft:netherrack,87,true,minecraft,net.minecraft.item.ItemBlock
minecraft:soul_sand,88,true,minecraft,net.minecraft.item.ItemBlock
minecraft:glowstone,89,true,minecraft,net.minecraft.item.ItemBlock
minecraft:portal,90,true,minecraft,net.minecraft.item.ItemBlock
minecraft:lit_pumpkin,91,true,minecraft,net.minecraft.item.ItemBlock
minecraft:stained_glass,95,true,minecraft,net.minecraft.item.ItemCloth
minecraft:trapdoor,96,true,minecraft,net.minecraft.item.ItemBlock
minecraft:monster_egg,97,true,minecraft,net.minecraft.item.ItemMultiTexture
minecraft:stonebrick,98,true,minecraft,net.minecraft.item.ItemMultiTexture
minecraft:brown_mushroom_block,99,true,minecraft,net.minecraft.item.ItemBlock
minecraft:red_mushroom_block,100,true,minecraft,net.minecraft.item.ItemBlock
minecraft:iron_bars,101,true,minecraft,net.minecraft.item.ItemBlock
minecraft:glass_pane,102,true,minecraft,net.minecraft.item.ItemBlock
minecraft:melon_block,103,true,minecraft,net.minecraft.item.ItemBlock
minecraft:vine,106,true,minecraft,net.minecraft.item.ItemColored
minecraft:fence_gate,107,true,minecraft,net.minecraft.item.ItemBlock
minecraft:brick_stairs,108,true,minecraft,net.minecraft.item.ItemBlock
minecraft:stone_brick_stairs,109,true,minecraft,net.minecraft.item.ItemBlock
minecraft:mycelium,110,true,minecraft,net.minecraft.item.ItemBlock
minecraft:waterlily,111,true,minecraft,net.minecraft.item.ItemLilyPad
minecraft:nether_brick,112,true,minecraft,net.minecraft.item.ItemBlock
minecraft:nether_brick_fence,113,true,minecraft,net.minecraft.item.ItemBlock
minecraft:nether_brick_stairs,114,true,minecraft,net.minecraft.item.ItemBlock
minecraft:enchanting_table,116,true,minecraft,net.minecraft.item.ItemBlock
minecraft:end_portal,119,true,minecraft,net.minecraft.item.ItemBlock
minecraft:end_portal_frame,120,true,minecraft,net.minecraft.item.ItemBlock
minecraft:end_stone,121,true,minecraft,net.minecraft.item.ItemBlock
minecraft:dragon_egg,122,true,minecraft,net.minecraft.item.ItemBlock
minecraft:redstone_lamp,123,true,minecraft,net.minecraft.item.ItemBlock
minecraft:double_wooden_slab,125,true,minecraft,net.minecraft.item.ItemSlab
minecraft:wooden_slab,126,true,minecraft,net.minecraft.item.ItemSlab
minecraft:cocoa,127,true,minecraft,net.minecraft.item.ItemBlock
minecraft:sandstone_stairs,128,true,minecraft,net.minecraft.item.ItemBlock
minecraft:emerald_ore,129,true,minecraft,net.minecraft.item.ItemBlock
minecraft:ender_chest,130,true,minecraft,net.minecraft.item.ItemBlock
minecraft:tripwire_hook,131,true,minecraft,net.minecraft.item.ItemBlock
minecraft:emerald_block,133,true,minecraft,net.minecraft.item.ItemBlock
minecraft:spruce_stairs,134,true,minecraft,net.minecraft.item.ItemBlock
minecraft:birch_stairs,135,true,minecraft,net.minecraft.item.ItemBlock
minecraft:jungle_stairs,136,true,minecraft,net.minecraft.item.ItemBlock
minecraft:command_block,137,true,minecraft,net.minecraft.item.ItemBlock
minecraft:beacon,138,true,minecraft,net.minecraft.item.ItemBlock
minecraft:cobblestone_wall,139,true,minecraft,net.minecraft.item.ItemMultiTexture
minecraft:carrots,141,true,minecraft,net.minecraft.item.ItemBlock
minecraft:potatoes,142,true,minecraft,net.minecraft.item.ItemBlock
minecraft:wooden_button,143,true,minecraft,net.minecraft.item.ItemBlock
minecraft:anvil,145,true,minecraft,net.minecraft.item.ItemAnvilBlock
minecraft:trapped_chest,146,true,minecraft,net.minecraft.item.ItemBlock
minecraft:light_weighted_pressure_plate,147,true,minecraft,net.minecraft.item.ItemBlock
minecraft:heavy_weighted_pressure_plate,148,true,minecraft,net.minecraft.item.ItemBlock
minecraft:daylight_detector,151,true,minecraft,net.minecraft.item.ItemBlock
minecraft:redstone_block,152,true,minecraft,net.minecraft.item.ItemBlock
minecraft:quartz_ore,153,true,minecraft,net.minecraft.item.ItemBlock
minecraft:hopper,154,true,minecraft,net.minecraft.item.ItemBlock
minecraft:quartz_block,155,true,minecraft,net.minecraft.item.ItemMultiTexture
minecraft:quartz_stairs,156,true,minecraft,net.minecraft.item.ItemBlock
minecraft:activator_rail,157,true,minecraft,net.minecraft.item.ItemBlock
minecraft:dropper,158,true,minecraft,net.minecraft.item.ItemBlock
minecraft:stained_hardened_clay,159,true,minecraft,net.minecraft.item.ItemCloth
minecraft:stained_glass_pane,160,true,minecraft,net.minecraft.item.ItemCloth
minecraft:leaves2,161,true,minecraft,net.minecraft.item.ItemLeaves
minecraft:log2,162,true,minecraft,net.minecraft.item.ItemMultiTexture
minecraft:acacia_stairs,163,true,minecraft,net.minecraft.item.ItemBlock
minecraft:dark_oak_stairs,164,true,minecraft,net.minecraft.item.ItemBlock
ExtraUtilities:endConstructor,165,true,ExtraUtilities,com.rwtema.extrautils.item.ItemBlockQED
ExtraUtilities:endMarker,166,true,ExtraUtilities,net.minecraft.item.ItemBlock
ExtraUtilities:curtains,167,true,ExtraUtilities,net.minecraft.item.ItemBlock
ExtraUtilities:angelBlock,168,true,ExtraUtilities,com.rwtema.extrautils.item.ItemAngelBlock
ExtraUtilities:budoff,169,true,ExtraUtilities,com.rwtema.extrautils.item.ItemBlockMetadata
minecraft:hay_block,170,true,minecraft,net.minecraft.item.ItemBlock
minecraft:carpet,171,true,minecraft,net.minecraft.item.ItemCloth
minecraft:hardened_clay,172,true,minecraft,net.minecraft.item.ItemBlock
minecraft:coal_block,173,true,minecraft,net.minecraft.item.ItemBlock
minecraft:packed_ice,174,true,minecraft,net.minecraft.item.ItemBlock
minecraft:double_plant,175,true,minecraft,net.minecraft.item.ItemDoublePlant
ExtraUtilities:chandelier,176,true,ExtraUtilities,net.minecraft.item.ItemBlock
ExtraUtilities:decorativeBlock1,177,true,ExtraUtilities,com.rwtema.extrautils.item.ItemBlockMetadata
ExtraUtilities:decorativeBlock2,178,true,ExtraUtilities,com.rwtema.extrautils.item.ItemBlockMetadata
ExtraUtilities:pureLove,179,true,ExtraUtilities,net.minecraft.item.ItemBlock
ExtraUtilities:block_bedrockium,180,true,ExtraUtilities,com.rwtema.extrautils.block.BlockBedrockium.ItemBedrockium
ExtraUtilities:datablock,181,true,ExtraUtilities,net.minecraft.item.ItemBlock
ExtraUtilities:colorStoneBrick,182,true,ExtraUtilities,com.rwtema.extrautils.item.ItemBlockColor
ExtraUtilities:colorWoodPlanks,183,true,ExtraUtilities,com.rwtema.extrautils.item.ItemBlockColor
ExtraUtilities:color_lightgem,184,true,ExtraUtilities,com.rwtema.extrautils.item.ItemBlockColor
ExtraUtilities:color_stone,185,true,ExtraUtilities,com.rwtema.extrautils.item.ItemBlockColor
ExtraUtilities:color_quartzBlock,186,true,ExtraUtilities,com.rwtema.extrautils.item.ItemBlockColor
ExtraUtilities:color_hellsand,187,true,ExtraUtilities,com.rwtema.extrautils.item.ItemBlockColor
ExtraUtilities:color_redstoneLight,188,true,ExtraUtilities,com.rwtema.extrautils.item.ItemBlockColor
ExtraUtilities:color_brick,189,true,ExtraUtilities,com.rwtema.extrautils.item.ItemBlockColor
ExtraUtilities:color_stonebrick,190,true,ExtraUtilities,com.rwtema.extrautils.item.ItemBlockColor
ExtraUtilities:color_blockLapis,191,true,ExtraUtilities,com.rwtema.extrautils.item.ItemBlockColor
ExtraUtilities:color_obsidian,192,true,ExtraUtilities,com.rwtema.extrautils.item.ItemBlockColor
ExtraUtilities:color_blockRedstone,193,true,ExtraUtilities,com.rwtema.extrautils.item.ItemBlockColor
ExtraUtilities:color_blockCoal,194,true,ExtraUtilities,com.rwtema.extrautils.item.ItemBlockColor
ExtraUtilities:cobblestone_compressed,195,true,ExtraUtilities,com.rwtema.extrautils.item.ItemBlockMetadata
ExtraUtilities:conveyor,196,true,ExtraUtilities,net.minecraft.item.ItemBlock
ExtraUtilities:filing,197,true,ExtraUtilities,com.rwtema.extrautils.item.ItemFilingCabinet
ExtraUtilities:greenscreen,198,true,ExtraUtilities,com.rwtema.extrautils.item.ItemBlockMetadata
ExtraUtilities:peaceful_table_top,199,true,ExtraUtilities,net.minecraft.item.ItemBlock
ExtraUtilities:trading_post,200,true,ExtraUtilities,net.minecraft.item.ItemBlock
ExtraUtilities:sound_muffler,201,true,ExtraUtilities,com.rwtema.extrautils.item.ItemBlockMetadata
ExtraUtilities:extractor_base,202,true,ExtraUtilities,com.rwtema.extrautils.item.ItemBlockMetadata
ExtraUtilities:extractor_base_remote,203,true,ExtraUtilities,com.rwtema.extrautils.item.ItemBlockMetadata
ExtraUtilities:pipes,204,true,ExtraUtilities,com.rwtema.extrautils.item.ItemBlockMetadata
ExtraUtilities:pipes.1,205,true,ExtraUtilities,com.rwtema.extrautils.item.ItemBlockMetadata
ExtraUtilities:cursedearthside,206,true,ExtraUtilities,net.minecraft.item.ItemBlock
ExtraUtilities:trashcan,207,true,ExtraUtilities,net.minecraft.item.ItemBlock
ExtraUtilities:spike_base,208,true,ExtraUtilities,com.rwtema.extrautils.item.ItemBlockSpike
ExtraUtilities:spike_base_diamond,209,true,ExtraUtilities,com.rwtema.extrautils.item.ItemBlockSpike
ExtraUtilities:spike_base_gold,210,true,ExtraUtilities,com.rwtema.extrautils.item.ItemBlockSpike
ExtraUtilities:spike_base_wood,211,true,ExtraUtilities,com.rwtema.extrautils.item.ItemBlockSpike
ExtraUtilities:enderThermicPump,212,true,ExtraUtilities,net.minecraft.item.ItemBlock
ExtraUtilities:enderQuarry,213,true,ExtraUtilities,net.minecraft.item.ItemBlock
ExtraUtilities:enderQuarryUpgrade,214,true,ExtraUtilities,com.rwtema.extrautils.item.ItemBlockMetadata
ExtraUtilities:plant/ender_lilly,215,true,ExtraUtilities,com.rwtema.extrautils.item.ItemBlockEnderLily
ExtraUtilities:timer,216,true,ExtraUtilities,net.minecraft.item.ItemBlock
ExtraUtilities:magnumTorch,217,true,ExtraUtilities,net.minecraft.item.ItemBlock
ExtraUtilities:drum,218,true,ExtraUtilities,com.rwtema.extrautils.item.ItemBlockDrum
ExtraUtilities:generator,219,true,ExtraUtilities,com.rwtema.extrautils.item.ItemBlockGenerator
ExtraUtilities:generator.8,220,true,ExtraUtilities,com.rwtema.extrautils.item.ItemBlockGenerator
ExtraUtilities:generator.64,221,true,ExtraUtilities,com.rwtema.extrautils.item.ItemBlockGenerator
ExtraUtilities:dark_portal,222,true,ExtraUtilities,com.rwtema.extrautils.item.ItemBlockMetadata
ExtraUtilities:etherealglass,223,true,ExtraUtilities,com.rwtema.extrautils.item.ItemBlockMetadata
m4ththings:blockCobbleChest,224,true,m4ththings,net.minecraft.item.ItemBlock
minecraft:iron_shovel,256,false,minecraft,net.minecraft.item.ItemSpade
minecraft:iron_pickaxe,257,false,minecraft,net.minecraft.item.ItemPickaxe
minecraft:iron_axe,258,false,minecraft,net.minecraft.item.ItemAxe
minecraft:flint_and_steel,259,false,minecraft,net.minecraft.item.ItemFlintAndSteel
minecraft:apple,260,false,minecraft,net.minecraft.item.ItemFood
minecraft:bow,261,false,minecraft,net.minecraft.item.ItemBow
minecraft:arrow,262,false,minecraft,net.minecraft.item.Item
minecraft:coal,263,false,minecraft,net.minecraft.item.ItemCoal
minecraft:diamond,264,false,minecraft,net.minecraft.item.Item
minecraft:iron_ingot,265,false,minecraft,net.minecraft.item.Item
minecraft:gold_ingot,266,false,minecraft,net.minecraft.item.Item
minecraft:iron_sword,267,false,minecraft,net.minecraft.item.ItemSword
minecraft:wooden_sword,268,false,minecraft,net.minecraft.item.ItemSword
minecraft:wooden_shovel,269,false,minecraft,net.minecraft.item.ItemSpade
minecraft:wooden_pickaxe,270,false,minecraft,net.minecraft.item.ItemPickaxe
minecraft:wooden_axe,271,false,minecraft,net.minecraft.item.ItemAxe
minecraft:stone_sword,272,false,minecraft,net.minecraft.item.ItemSword
minecraft:stone_shovel,273,false,minecraft,net.minecraft.item.ItemSpade
minecraft:stone_pickaxe,274,false,minecraft,net.minecraft.item.ItemPickaxe
minecraft:stone_axe,275,false,minecraft,net.minecraft.item.ItemAxe
minecraft:diamond_sword,276,false,minecraft,net.minecraft.item.ItemSword
minecraft:diamond_shovel,277,false,minecraft,net.minecraft.item.ItemSpade
minecraft:diamond_pickaxe,278,false,minecraft,net.minecraft.item.ItemPickaxe
minecraft:diamond_axe,279,false,minecraft,net.minecraft.item.ItemAxe
minecraft:stick,280,false,minecraft,net.minecraft.item.Item
minecraft:bowl,281,false,minecraft,net.minecraft.item.Item
minecraft:mushroom_stew,282,false,minecraft,net.minecraft.item.ItemSoup
minecraft:golden_sword,283,false,minecraft,net.minecraft.item.ItemSword
minecraft:golden_shovel,284,false,minecraft,net.minecraft.item.ItemSpade
minecraft:golden_pickaxe,285,false,minecraft,net.minecraft.item.ItemPickaxe
minecraft:golden_axe,286,false,minecraft,net.minecraft.item.ItemAxe
minecraft:string,287,false,minecraft,net.minecraft.item.ItemReed
minecraft:feather,288,false,minecraft,net.minecraft.item.Item
minecraft:gunpowder,289,false,minecraft,net.minecraft.item.Item
minecraft:wooden_hoe,290,false,minecraft,net.minecraft.item.ItemHoe
minecraft:stone_hoe,291,false,minecraft,net.minecraft.item.ItemHoe
minecraft:iron_hoe,292,false,minecraft,net.minecraft.item.ItemHoe
minecraft:diamond_hoe,293,false,minecraft,net.minecraft.item.ItemHoe
minecraft:golden_hoe,294,false,minecraft,net.minecraft.item.ItemHoe
minecraft:wheat_seeds,295,false,minecraft,net.minecraft.item.ItemSeeds
minecraft:wheat,296,false,minecraft,net.minecraft.item.Item
minecraft:bread,297,false,minecraft,net.minecraft.item.ItemFood
minecraft:leather_helmet,298,false,minecraft,net.minecraft.item.ItemArmor
minecraft:leather_chestplate,299,false,minecraft,net.minecraft.item.ItemArmor
minecraft:leather_leggings,300,false,minecraft,net.minecraft.item.ItemArmor
minecraft:leather_boots,301,false,minecraft,net.minecraft.item.ItemArmor
minecraft:chainmail_helmet,302,false,minecraft,net.minecraft.item.ItemArmor
minecraft:chainmail_chestplate,303,false,minecraft,net.minecraft.item.ItemArmor
minecraft:chainmail_leggings,304,false,minecraft,net.minecraft.item.ItemArmor
minecraft:chainmail_boots,305,false,minecraft,net.minecraft.item.ItemArmor
minecraft:iron_helmet,306,false,minecraft,net.minecraft.item.ItemArmor
minecraft:iron_chestplate,307,false,minecraft,net.minecraft.item.ItemArmor
minecraft:iron_leggings,308,false,minecraft,net.minecraft.item.ItemArmor
minecraft:iron_boots,309,false,minecraft,net.minecraft.item.ItemArmor
minecraft:diamond_helmet,310,false,minecraft,net.minecraft.item.ItemArmor
minecraft:diamond_chestplate,311,false,minecraft,net.minecraft.item.ItemArmor
minecraft:diamond_leggings,312,false,minecraft,net.minecraft.item.ItemArmor
minecraft:diamond_boots,313,false,minecraft,net.minecraft.item.ItemArmor
minecraft:golden_helmet,314,false,minecraft,net.minecraft.item.ItemArmor
minecraft:golden_chestplate,315,false,minecraft,net.minecraft.item.ItemArmor
minecraft:golden_leggings,316,false,minecraft,net.minecraft.item.ItemArmor
minecraft:golden_boots,317,false,minecraft,net.minecraft.item.ItemArmor
minecraft:flint,318,false,minecraft,net.minecraft.item.Item
minecraft:porkchop,319,false,minecraft,net.minecraft.item.ItemFood
minecraft:cooked_porkchop,320,false,minecraft,net.minecraft.item.ItemFood
minecraft:painting,321,false,minecraft,net.minecraft.item.ItemHangingEntity
minecraft:golden_apple,322,false,minecraft,net.minecraft.item.ItemAppleGold
minecraft:sign,323,false,minecraft,net.minecraft.item.ItemSign
minecraft:wooden_door,324,false,minecraft,net.minecraft.item.ItemDoor
minecraft:bucket,325,false,minecraft,net.minecraft.item.ItemBucket
minecraft:water_bucket,326,false,minecraft,net.minecraft.item.ItemBucket
minecraft:lava_bucket,327,false,minecraft,net.minecraft.item.ItemBucket
minecraft:minecart,328,false,minecraft,net.minecraft.item.ItemMinecart
minecraft:saddle,329,false,minecraft,net.minecraft.item.ItemSaddle
minecraft:iron_door,330,false,minecraft,net.minecraft.item.ItemDoor
minecraft:redstone,331,false,minecraft,net.minecraft.item.ItemRedstone
minecraft:snowball,332,false,minecraft,net.minecraft.item.ItemSnowball
minecraft:boat,333,false,minecraft,net.minecraft.item.ItemBoat
minecraft:leather,334,false,minecraft,net.minecraft.item.Item
minecraft:milk_bucket,335,false,minecraft,net.minecraft.item.ItemBucketMilk
minecraft:brick,336,false,minecraft,net.minecraft.item.Item
minecraft:clay_ball,337,false,minecraft,net.minecraft.item.Item
minecraft:reeds,338,false,minecraft,net.minecraft.item.ItemReed
minecraft:paper,339,false,minecraft,net.minecraft.item.Item
minecraft:book,340,false,minecraft,net.minecraft.item.ItemBook
minecraft:slime_ball,341,false,minecraft,net.minecraft.item.Item
minecraft:chest_minecart,342,false,minecraft,net.minecraft.item.ItemMinecart
minecraft:furnace_minecart,343,false,minecraft,net.minecraft.item.ItemMinecart
minecraft:egg,344,false,minecraft,net.minecraft.item.ItemEgg
minecraft:compass,345,false,minecraft,net.minecraft.item.Item
minecraft:fishing_rod,346,false,minecraft,net.minecraft.item.ItemFishingRod
minecraft:clock,347,false,minecraft,net.minecraft.item.Item
minecraft:glowstone_dust,348,false,minecraft,net.minecraft.item.Item
minecraft:fish,349,false,minecraft,net.minecraft.item.ItemFishFood
minecraft:cooked_fished,350,false,minecraft,net.minecraft.item.ItemFishFood
minecraft:dye,351,false,minecraft,net.minecraft.item.ItemDye
minecraft:bone,352,false,minecraft,net.minecraft.item.Item
minecraft:sugar,353,false,minecraft,net.minecraft.item.Item
minecraft:cake,354,false,minecraft,net.minecraft.item.ItemReed
minecraft:bed,355,false,minecraft,net.minecraft.item.ItemBed
minecraft:repeater,356,false,minecraft,net.minecraft.item.ItemReed
minecraft:cookie,357,false,minecraft,net.minecraft.item.ItemFood
minecraft:filled_map,358,false,minecraft,net.minecraft.item.ItemMap
minecraft:shears,359,false,minecraft,net.minecraft.item.ItemShears
minecraft:melon,360,false,minecraft,net.minecraft.item.ItemFood
minecraft:pumpkin_seeds,361,false,minecraft,net.minecraft.item.ItemSeeds
minecraft:melon_seeds,362,false,minecraft,net.minecraft.item.ItemSeeds
minecraft:beef,363,false,minecraft,net.minecraft.item.ItemFood
minecraft:cooked_beef,364,false,minecraft,net.minecraft.item.ItemFood
minecraft:chicken,365,false,minecraft,net.minecraft.item.ItemFood
minecraft:cooked_chicken,366,false,minecraft,net.minecraft.item.ItemFood
minecraft:rotten_flesh,367,false,minecraft,net.minecraft.item.ItemFood
minecraft:ender_pearl,368,false,minecraft,net.minecraft.item.ItemEnderPearl
minecraft:blaze_rod,369,false,minecraft,net.minecraft.item.Item
minecraft:ghast_tear,370,false,minecraft,net.minecraft.item.Item
minecraft:gold_nugget,371,false,minecraft,net.minecraft.item.Item
minecraft:nether_wart,372,false,minecraft,net.minecraft.item.ItemSeeds
minecraft:potion,373,false,minecraft,net.minecraft.item.ItemPotion
minecraft:glass_bottle,374,false,minecraft,net.minecraft.item.ItemGlassBottle
minecraft:spider_eye,375,false,minecraft,net.minecraft.item.ItemFood
minecraft:fermented_spider_eye,376,false,minecraft,net.minecraft.item.Item
minecraft:blaze_powder,377,false,minecraft,net.minecraft.item.Item
minecraft:magma_cream,378,false,minecraft,net.minecraft.item.Item
minecraft:brewing_stand,379,false,minecraft,net.minecraft.item.ItemReed
minecraft:cauldron,380,false,minecraft,net.minecraft.item.ItemReed
minecraft:ender_eye,381,false,minecraft,net.minecraft.item.ItemEnderEye
minecraft:speckled_melon,382,false,minecraft,net.minecraft.item.Item
minecraft:spawn_egg,383,false,minecraft,net.minecraft.item.ItemMonsterPlacer
minecraft:experience_bottle,384,false,minecraft,net.minecraft.item.ItemExpBottle
minecraft:fire_charge,385,false,minecraft,net.minecraft.item.ItemFireball
minecraft:writable_book,386,false,minecraft,net.minecraft.item.ItemWritableBook
minecraft:written_book,387,false,minecraft,net.minecraft.item.ItemEditableBook
minecraft:emerald,388,false,minecraft,net.minecraft.item.Item
minecraft:item_frame,389,false,minecraft,net.minecraft.item.ItemHangingEntity
minecraft:flower_pot,390,false,minecraft,net.minecraft.item.ItemReed
minecraft:carrot,391,false,minecraft,net.minecraft.item.ItemSeedFood
minecraft:potato,392,false,minecraft,net.minecraft.item.ItemSeedFood
minecraft:baked_potato,393,false,minecraft,net.minecraft.item.ItemFood
minecraft:poisonous_potato,394,false,minecraft,net.minecraft.item.ItemFood
minecraft:map,395,false,minecraft,net.minecraft.item.ItemEmptyMap
minecraft:golden_carrot,396,false,minecraft,net.minecraft.item.ItemFood
minecraft:skull,397,false,minecraft,net.minecraft.item.ItemSkull
minecraft:carrot_on_a_stick,398,false,minecraft,net.minecraft.item.ItemCarrotOnAStick
minecraft:nether_star,399,false,minecraft,net.minecraft.item.ItemSimpleFoiled
minecraft:pumpkin_pie,400,false,minecraft,net.minecraft.item.ItemFood
minecraft:fireworks,401,false,minecraft,net.minecraft.item.ItemFirework
minecraft:firework_charge,402,false,minecraft,net.minecraft.item.ItemFireworkCharge
minecraft:enchanted_book,403,false,minecraft,net.minecraft.item.ItemEnchantedBook
minecraft:comparator,404,false,minecraft,net.minecraft.item.ItemReed
minecraft:netherbrick,405,false,minecraft,net.minecraft.item.Item
minecraft:quartz,406,false,minecraft,net.minecraft.item.Item
minecraft:tnt_minecart,407,false,minecraft,net.minecraft.item.ItemMinecart
minecraft:hopper_minecart,408,false,minecraft,net.minecraft.item.ItemMinecart
minecraft:iron_horse_armor,417,false,minecraft,net.minecraft.item.Item
minecraft:golden_horse_armor,418,false,minecraft,net.minecraft.item.Item
minecraft:diamond_horse_armor,419,false,minecraft,net.minecraft.item.Item
minecraft:lead,420,false,minecraft,net.minecraft.item.ItemLead
minecraft:name_tag,421,false,minecraft,net.minecraft.item.ItemNameTag
minecraft:command_block_minecart,422,false,minecraft,net.minecraft.item.ItemMinecart
minecraft:record_13,2256,false,minecraft,net.minecraft.item.ItemRecord
minecraft:record_cat,2257,false,minecraft,net.minecraft.item.ItemRecord
minecraft:record_blocks,2258,false,minecraft,net.minecraft.item.ItemRecord
minecraft:record_chirp,2259,false,minecraft,net.minecraft.item.ItemRecord
minecraft:record_far,2260,false,minecraft,net.minecraft.item.ItemRecord
minecraft:record_mall,2261,false,minecraft,net.minecraft.item.ItemRecord
minecraft:record_mellohi,2262,false,minecraft,net.minecraft.item.ItemRecord
minecraft:record_stal,2263,false,minecraft,net.minecraft.item.ItemRecord
minecraft:record_strad,2264,false,minecraft,net.minecraft.item.ItemRecord
minecraft:record_ward,2265,false,minecraft,net.minecraft.item.ItemRecord
minecraft:record_11,2266,false,minecraft,net.minecraft.item.ItemRecord
minecraft:record_wait,2267,false,minecraft,net.minecraft.item.ItemRecord
ExtraUtilities:glove,4097,false,ExtraUtilities,com.rwtema.extrautils.item.ItemGlove
ExtraUtilities:mini-soul,4098,false,ExtraUtilities,com.rwtema.extrautils.item.ItemSoul
ExtraUtilities:angelRing,4099,false,ExtraUtilities,com.rwtema.extrautils.item.ItemAngelRing
ExtraUtilities:paintbrush,4100,false,ExtraUtilities,com.rwtema.extrautils.item.ItemPaintbrush
ExtraUtilities:nodeUpgrade,4101,false,ExtraUtilities,com.rwtema.extrautils.item.ItemNodeUpgrade
ExtraUtilities:lawSword,4102,false,ExtraUtilities,com.rwtema.extrautils.item.ItemLawSword
ExtraUtilities:golden_lasso,4103,false,ExtraUtilities,com.rwtema.extrautils.item.ItemGoldenLasso
ExtraUtilities:divisionSigil,4104,false,ExtraUtilities,com.rwtema.extrautils.item.ItemDivisionSigil
ExtraUtilities:unstableingot,4105,false,ExtraUtilities,com.rwtema.extrautils.item.ItemUnstableIngot
ExtraUtilities:builderswand,4106,false,ExtraUtilities,com.rwtema.extrautils.item.ItemBuildersWand
ExtraUtilities:shears,4107,false,ExtraUtilities,com.rwtema.extrautils.item.ItemPrecisionShears
ExtraUtilities:creativebuilderswand,4108,false,ExtraUtilities,com.rwtema.extrautils.item.ItemBuildersWand
ExtraUtilities:ethericsword,4109,false,ExtraUtilities,com.rwtema.extrautils.item.ItemEthericSword
ExtraUtilities:erosionShovel,4110,false,ExtraUtilities,com.rwtema.extrautils.item.ItemErosionShovel
ExtraUtilities:destructionpickaxe,4111,false,ExtraUtilities,com.rwtema.extrautils.item.ItemDestructionPickaxe
ExtraUtilities:defoliageAxe,4112,false,ExtraUtilities,com.rwtema.extrautils.item.ItemHealingAxe
ExtraUtilities:temporalHoe,4113,false,ExtraUtilities,com.rwtema.extrautils.item.ItemTemporalHoe
ExtraUtilities:sonar_goggles,4114,false,ExtraUtilities,com.rwtema.extrautils.item.ItemSonarGoggles
ExtraUtilities:watering_can,4115,false,ExtraUtilities,com.rwtema.extrautils.item.ItemWateringCan
ExtraUtilities:scanner,4116,false,ExtraUtilities,com.rwtema.extrautils.item.scanner.ItemScanner
ExtraUtilities:golden_bag,4117,false,ExtraUtilities,com.rwtema.extrautils.item.ItemGoldenBag
ExtraUtilities:bedrockiumIngot,4118,false,ExtraUtilities,com.rwtema.extrautils.item.ItemBedrockiumIngot
ExtraUtilities:heatingElement,4119,false,ExtraUtilities,com.rwtema.extrautils.item.ItemHeatingCoil
